
<TEI xmlns="http://www.tei-c.org/ns/1.0">
	<teiHeader>
		<fileDesc>
			<titleStmt>
				<title>Carte 19530723_0018</title>
			</titleStmt>
			<publicationStmt>
				<p>Unpublished</p>
			</publicationStmt>
			<sourceDesc>
				<bibl/>
			</sourceDesc>
		</fileDesc>
	</teiHeader>
	<text>
		<body>
			<div type="recto" facs="19530723_0018r.jpg">
				<figure>
					<graphic url="carte-1r.jpg"/>
					<figDesc/>
					<head/>
				</figure>
			</div>
			<div type="verso" facs="19530723_0018v.jpg">
				<div type="message">
					<dateline>23.7.53</dateline> <salute>Mon Amour</salute> <p>Chérie J.T.A. Mais je ne puis t'écrire pour le moment. J'ai
						ta lettre – mais je suis reçu par Mtre ??travail ce matin – Je ne connais
						que peu la question et le Pt pas là – je vais bluffer un peu. Je n'ai pas
						dormis j'avais perdu les clefs voiture et clé du bureau mairie avec
						St.Christophe c'est maman qui les a retrouvées ce matin dans ma chambre ? ?
						attention. Toi dans cette maison qui s'écroule... Il faut que je fasse ma
						comptabilité on arrette le mois au 25. il parait à cause des vacances du
						Comptable à bientot ma petite Reine, ma princesse. Mon univers. Je
						t'embrasse comme je t'aime. </p><signed>Georges </signed>
				</div><div type="destination">
					<ab></ab>
				</div>
			</div>
		</body>
	</text>
</TEI>
