<?xml version="1.0" encoding="UTF-8"?>
<TEI xmlns="http://www.tei-c.org/ns/1.0">
    <teiHeader>
        <fileDesc>
            <titleStmt>
                <title>Carte 19670726_0042</title>
            </titleStmt>
            <publicationStmt>
                <p>Unpublished</p>
            </publicationStmt>
            <sourceDesc>
                <bibl/>
            </sourceDesc>
        </fileDesc>
    </teiHeader><text xml:lang="fr">
        <body><div type="recto"><figure><graphic url="19670726_0042r.jpg"/></figure></div><div type="verso" facs="19670726_0042v.jog">
        <div type="message">
            <p>Bientot sur le chemin du retour. Avons eu de beau temps tout le mois de juillet. Vous
                souhaite à tous la même chose.</p>
            <p>J'espère que vous êtes tous en bonne santé. A chacun son tour, le bon temps et le
                repos.</p>
            <p>Avec d'affetueuses pensées et bons baisers à tous.</p>
            <p>Marcelle</p>
        </div>
        <div type="destination"> <ab>85 Les Sables d'Olonne Vendée 26-7 1967</ab>
            <ab><address>   <addrLine>Mme Veyssade Lucienne
        31 rue du President Kennedy
        ALFORTVILLE
        Val de Marne</addrLine></address></ab>
        </div>
    </div></body>
</text>
</TEI>