<?xml version="1.0" encoding="UTF-8"?>
<TEI xmlns="http://www.tei-c.org/ns/1.0">
    <teiHeader>
        <fileDesc>
            <titleStmt>
                <title>The Bathing Beach, Brighton, 1846 : digital edition of card 19701026_0004
                    from the Virgolos collection</title>
            </titleStmt>
            <publicationStmt>
                <p>Unpublished tutorial exercise for the Oxford DH Summer School, 2012</p>
            </publicationStmt>
            <sourceDesc>
                <bibl><title level="m">The Bathing Beach, Brighton, in 1846 (postcard_)</title>
                    <respStmt>
                        <resp>Lithograph by</resp>
                        <name>G. F. Bragg</name>
                    </respStmt>
                    <respStmt>
                        <resp>after a drawing by</resp>
                        <name>R. H. Nibbs</name>
                    </respStmt>
                    <publisher>K. J. Bredon's Bookshop</publisher>
                    <pubPlace>10 East Street, Brighton</pubPlace>
                    <idno>3</idno>
                </bibl>
            </sourceDesc>
        </fileDesc>
    </teiHeader>
    <text>
        <body>
            <div type="recto">
                <figure>
                    <graphic url="19701026_0004r.jpg"/>
                    <figDesc>Beach view showing several ladies and children fully clothed, some with
                        parasols. Several bathing machines, and at right a few boats. In foreground,
                        fishing baskets and mats.</figDesc>
                    <head>The Bathing Beach, Brighton, in 1846</head>
                </figure>
            </div>
            
<div facs="19701026_0004v.jpg" type="verso">
<div type="message"><p>You should try this place. You can see how genteel it is</p><p>
Hope you enjoyed Wales, as they said to Mrs Fitzherbert</p><signed>
Mama</signed></div>
<div type="destination">
    <p>
<stamp type="publicity"><desc>Silhouette of vintage car</desc>
Brighton &amp; Hove all set for the seventies.</stamp>

<stamp type="postmark">Brighton &amp; Hove - Sussex
<date when="1970-10-26">26 Oct 1970</date>
</stamp>
<stamp type="postage"><desc>Machin design. 4d, vermillion.</desc></stamp>

<address><addrLine><name>Mr Louis Burnard</name></addrLine><addrLine>
<name>4 Freeland Cottages,</name></addrLine><addrLine>
<name>Stanton St John</name></addrLine><addrLine>
<name>OXFORD</name></addrLine></address></p></div></div>

        </body>
    </text>
</TEI>
