<?xml version="1.0" encoding="UTF-8"?>
<TEI xmlns="http://www.tei-c.org/ns/1.0" >
    <teiHeader>
        <fileDesc>
            <titleStmt>
                <title>Card 19750731_0003 from the Virgolos Collection</title>
            </titleStmt>
            <publicationStmt>
                <p>Unpublished</p>
            </publicationStmt>
            <sourceDesc>
                <bibl><title>Hay-on-Wye The Bridge. </title><idno>C1456</idno><publisher>Judges
                    Limited,</publisher>
                    <pubPlace>Hastings, England</pubPlace></bibl>
            </sourceDesc>
        </fileDesc>
    </teiHeader>
    <text n="19750731_0003">
        <body>
            <div type="recto">
                <figure>
                    <graphic url="19750731_0003r.jpg"/>
                    <head>Hay-on-Wye The Bridge. C1456</head>
                </figure>
            </div>
            <div type="verso" facs="19750731_0003v.jpg">
                <div type="message">
                    <p>Everything going very well indeed, as I expect Kay H. told you. Am organised as
                        far as I need &amp; mostly relaxing. Shall certainly have more than a week but
                        might move camp to Forest O' Dean next Tu. In this place (where I went yday) is
                        the Biggest 2nd Hand Bookshop in the World – no kidding! Your Pa would have
                        been in it for weeks. </p>
                    <salute>Love Mama</salute>
                </div>
                <div type="destination">
                    <ab><stamp>REMEMBER to use the POST CODE!</stamp>
                        <stamp> Brecon – Powys. <date when="1975-07-25">21 Jly 1975</date></stamp>
                        <stamp  type="postage"> Machin design. 5½p, purple.</stamp>
                        <address><name>Mr &amp; Mrs Burnard </name><street>12 Harefields</street><name>Summertown</name><name>OXFORD</name></address></ab>
                </div>
            </div>
        </body>
    </text>
</TEI>
