<classSpec ident="bookAtts"   type="atts">
    <desc>this class defines the attributes that can appear on any element inside  a
        book</desc>
    <attList>
        <attDef ident="xml:id">
            <desc>provides a unique identifier for an element</desc>
            <datatype>
                <data xmlns="http://relaxng.org/ns/structure/1.0" type="ID"/>
            </datatype>
        </attDef>
        <attDef ident="status">
            <desc>indicates the correction status of this element </desc>
            <valList type="closed">
                <valItem ident="red"/>
                <valItem ident="green"/>
                <valItem ident="unknown"/>
            </valList>
        </attDef>
    </attList>
</classSpec>
